,Survived,Age,Fare,Pclass,Sex,SibSp,Parch,Embarked
0,0.0,0.3316117271760595,0.11153846153846154,2,1,1,0,2
1,1.0,0.574662008202947,0.2,0,0,1,0,0
2,1.0,0.3923742974327814,0.12192307692307693,2,0,0,0,2
3,1.0,0.5290900805104056,0.816923076923077,0,0,1,0,2
4,0.0,0.5290900805104056,0.12384615384615387,2,1,0,0,2
5,0.0,0.4227555825611423,0.1301276923076923,2,1,0,0,1
6,0.0,0.8177122892298344,0.7978846153846154,0,1,0,0,2
7,0.0,0.02779887589245025,0.3242307692307692,2,1,3,1,2
8,1.0,0.40756493999696186,0.17128153846153849,2,0,0,2,2
9,1.0,0.21008658666261582,0.4626276923076923,1,0,1,0,0
10,1.0,0.05818016102081118,0.2569230769230769,2,0,1,1,2
11,1.0,0.8784748594865563,0.4084615384615385,0,0,0,0,2
12,0.0,0.3012304420476986,0.12384615384615387,2,1,0,0,2
13,0.0,0.5898526507671275,0.48115384615384615,2,1,1,5,2
14,0.0,0.21008658666261582,0.12083384615384615,2,0,0,0,2
15,1.0,0.8329029317940149,0.24615384615384617,1,0,0,0,2
16,0.0,0.02779887589245025,0.4480769230769231,2,1,4,1,1
17,1.0,0.4227555825611423,0.2,1,1,0,0,2
18,0.0,0.46832751025368374,0.27692307692307694,2,0,1,0,2
19,1.0,0.4227555825611423,0.11115384615384616,2,0,0,0,0
20,0.0,0.5290900805104056,0.4,1,1,0,0,2
21,1.0,0.5138994379462252,0.2,1,1,0,0,2
22,1.0,0.2252772292267963,0.12352615384615384,2,0,0,0,1
23,1.0,0.4227555825611423,0.5461538461538462,0,1,0,0,2
24,0.0,0.11894273127753305,0.3242307692307692,2,0,3,1,2
25,1.0,0.574662008202947,0.4828846153846154,2,0,1,5,2
26,0.0,0.4227555825611423,0.11115384615384616,2,1,0,0,0
27,0.0,0.28603979948351815,0.2,0,1,3,2,2
28,1.0,0.4227555825611423,0.12121846153846154,2,0,0,0,1
29,0.0,0.4227555825611423,0.12147384615384617,2,1,0,0,2
30,0.0,0.6050432933313079,0.4264738461538462,0,1,0,0,0
31,1.0,0.4227555825611423,0.2,0,0,1,0,0
32,1.0,0.4227555825611423,0.11923076923076924,2,0,0,0,1
33,0.0,1.0000000000000002,0.16153846153846155,1,1,0,0,2
34,0.0,0.4227555825611423,0.2,0,1,1,0,0
35,0.0,0.6354245784596688,0.8,0,1,1,0,2
36,1.0,0.4227555825611423,0.11121846153846154,2,1,0,0,0
37,0.0,0.31642108461187907,0.12384615384615387,2,1,0,0,2
38,0.0,0.2708491569193377,0.27692307692307694,2,0,2,0,2
39,1.0,0.21008658666261582,0.17294923076923077,2,0,1,0,0
40,0.0,0.6050432933313079,0.14576923076923076,2,0,1,0,2
41,0.0,0.40756493999696186,0.3230769230769231,1,0,1,0,2
42,0.0,0.4227555825611423,0.12147384615384617,2,1,0,0,0
43,1.0,0.04298951845663072,0.63968,1,0,1,2,0
44,1.0,0.28603979948351815,0.12121846153846154,2,0,0,0,1
45,0.0,0.4227555825611423,0.12384615384615387,2,1,0,0,2
46,0.0,0.4227555825611423,0.23846153846153847,2,1,1,0,1
47,1.0,0.4227555825611423,0.11923076923076924,2,0,0,0,1
48,0.0,0.4227555825611423,0.3335261538461539,2,1,2,0,0
49,0.0,0.2708491569193377,0.27384615384615385,2,0,1,0,2
50,0.0,0.10375208871335258,0.6105769230769231,2,1,4,1,2
51,0.0,0.31642108461187907,0.12000000000000001,2,1,0,0,2
52,1.0,0.7417590764089321,0.2,0,0,1,0,0
53,1.0,0.43794622512532283,0.4,1,0,1,0,2
54,0.0,0.9848093574358195,0.9535261538461539,0,1,0,1,0
55,1.0,0.4227555825611423,0.5461538461538462,0,1,0,0,2
56,1.0,0.31642108461187907,0.16153846153846155,1,0,0,0,2
57,0.0,0.43035090384323255,0.11121846153846154,2,1,0,0,0
58,1.0,0.07337080358499165,0.42692307692307696,1,0,1,2,2
59,0.0,0.16451465897007442,0.7215384615384616,2,1,5,2,2
60,0.0,0.3316117271760595,0.11121846153846154,2,1,0,0,0
62,0.0,0.6809965061522103,0.2,0,1,1,0,2
63,0.0,0.05818016102081118,0.42923076923076925,2,1,3,2,2
64,0.0,0.4227555825611423,0.4264738461538462,0,1,0,0,0
65,1.0,0.4227555825611423,0.23455076923076923,2,1,1,1,0
66,1.0,0.43794622512532283,0.16153846153846155,1,0,0,0,2
67,0.0,0.28603979948351815,0.1255123076923077,2,1,0,0,2
68,1.0,0.25565851435515724,0.12192307692307693,2,0,4,2,2
69,0.0,0.3923742974327814,0.13326923076923078,2,1,2,0,2
70,0.0,0.4835181528178642,0.16153846153846155,1,1,0,0,2
71,0.0,0.24046787179097676,0.7215384615384616,2,0,5,2,2
72,0.0,0.31642108461187907,0.2,1,1,0,0,2
73,0.0,0.3923742974327814,0.2223723076923077,2,1,1,0,0
74,1.0,0.4835181528178642,0.8691661538461539,2,1,0,0,2
75,0.0,0.37718365486860095,0.11769230769230771,2,1,0,0,2
76,0.0,0.4227555825611423,0.12147384615384617,2,1,0,0,2
77,0.0,0.4227555825611423,0.12384615384615387,2,1,0,0,2
78,1.0,0.010025824092359107,0.4461538461538462,1,1,0,2,2
79,1.0,0.4531368676895033,0.19192307692307692,2,0,0,0,2
80,0.0,0.3316117271760595,0.13846153846153847,2,1,0,0,2
81,1.0,0.43794622512532283,0.14615384615384616,2,1,0,0,2
82,1.0,0.4227555825611423,0.11980769230769231,2,0,0,0,1
83,0.0,0.4227555825611423,0.7246153846153847,0,1,0,0,2
84,1.0,0.25565851435515724,0.16153846153846155,1,0,0,0,2
85,1.0,0.4987087953820447,0.24384615384615385,2,0,3,0,2
86,0.0,0.24046787179097676,0.5288461538461539,2,1,1,3,2
87,0.0,0.4227555825611423,0.12384615384615387,2,1,0,0,2
88,1.0,0.34680236974024004,0.2,0,0,3,2,2
89,0.0,0.3619930123044205,0.12384615384615387,2,1,0,0,2
90,0.0,0.43794622512532283,0.12384615384615387,2,1,0,0,2
91,0.0,0.3012304420476986,0.12083384615384615,2,1,0,0,2
92,0.0,0.6961871487163908,0.9411538461538461,0,1,1,0,2
93,0.0,0.3923742974327814,0.31653846153846155,2,1,1,2,2
94,0.0,0.8936655020507368,0.11153846153846154,2,1,0,0,2
95,0.0,0.4227555825611423,0.12384615384615387,2,1,0,0,2
96,0.0,0.4227555825611423,0.5331415384615386,0,1,0,0,0
97,1.0,0.34680236974024004,0.9747430769230769,0,1,0,1,0
98,1.0,0.5138994379462252,0.35384615384615387,1,0,0,1,2
99,0.0,0.5138994379462252,0.4,1,1,1,0,2
100,0.0,0.4227555825611423,0.12147384615384617,2,0,0,0,2
101,0.0,0.4227555825611423,0.12147384615384617,2,1,0,0,2
102,0.0,0.31642108461187907,0.2,0,1,0,1,2
103,0.0,0.4987087953820447,0.13314153846153845,2,1,0,0,2
104,0.0,0.5594713656387665,0.12192307692307693,2,1,2,0,2
105,0.0,0.4227555825611423,0.12147384615384617,2,1,0,0,2
106,1.0,0.31642108461187907,0.11769230769230771,2,0,0,0,2
107,1.0,0.4227555825611423,0.11961538461538462,2,1,0,0,2
108,0.0,0.574662008202947,0.12147384615384617,2,1,0,0,2
109,1.0,0.4227555825611423,0.37153846153846154,2,0,1,0,1
110,0.0,0.7113777912805712,0.8,0,1,0,0,2
111,0.0,0.21768190794470607,0.2223723076923077,2,0,1,0,0
112,0.0,0.3316117271760595,0.12384615384615387,2,1,0,0,2
113,0.0,0.3012304420476986,0.15115384615384614,2,0,1,0,2
114,0.0,0.25565851435515724,0.22243538461538462,2,0,0,0,0
115,0.0,0.31642108461187907,0.12192307692307693,2,1,0,0,2
116,0.0,0.4227555825611423,0.11923076923076924,2,1,0,0,1
117,0.0,0.43794622512532283,0.3230769230769231,1,1,1,0,2
118,0.0,0.3619930123044205,0.2,0,1,0,1,0
119,0.0,0.02779887589245025,0.48115384615384615,2,0,4,2,2
120,0.0,0.31642108461187907,0.2,1,1,2,0,2
121,0.0,0.4227555825611423,0.12384615384615387,2,1,0,0,2
122,0.0,0.49111347409995443,0.4626276923076923,1,1,1,0,0
123,1.0,0.49111347409995443,0.2,1,0,0,0,2
124,0.0,0.8177122892298344,0.2,0,1,0,1,2
125,1.0,0.1797053015342549,0.17294923076923077,2,1,1,0,0
126,0.0,0.4227555825611423,0.11923076923076924,2,1,0,0,1
127,1.0,0.3619930123044205,0.1098723076923077,2,1,0,0,2
128,1.0,0.4227555825611423,0.3439738461538462,2,0,1,1,0
129,0.0,0.6809965061522103,0.10730769230769231,2,1,0,0,2
130,0.0,0.4987087953820447,0.12147384615384617,2,1,0,0,0
131,0.0,0.3012304420476986,0.10846153846153847,2,1,0,0,2
132,0.0,0.7113777912805712,0.2230769230769231,2,0,1,0,2
133,1.0,0.43794622512532283,0.4,1,0,1,0,2
134,0.0,0.37718365486860095,0.2,1,1,0,0,2
135,0.0,0.34680236974024004,0.23147384615384617,1,1,0,0,0
136,1.0,0.28603979948351815,0.40435846153846156,0,0,0,2,2
137,0.0,0.5594713656387665,0.816923076923077,0,1,1,0,2
138,0.0,0.24046787179097676,0.1417953846153846,2,1,0,0,2
139,0.0,0.3619930123044205,0.2,0,1,0,0,0
140,0.0,0.4227555825611423,0.23455076923076923,2,0,0,2,0
141,1.0,0.3316117271760595,0.11923076923076924,2,0,0,0,2
142,1.0,0.3619930123044205,0.24384615384615385,2,0,1,0,2
143,0.0,0.28603979948351815,0.10384615384615385,2,1,0,0,1
144,0.0,0.2708491569193377,0.17692307692307693,1,1,0,0,2
145,0.0,0.28603979948351815,0.5653846153846154,1,1,1,1,2
146,1.0,0.40756493999696186,0.11993538461538462,2,1,0,0,2
147,0.0,0.1341333738417135,0.5288461538461539,2,0,2,2,2
148,0.0,0.5518760443566763,0.4,1,1,0,2,2
149,0.0,0.6354245784596688,0.2,1,1,0,0,2
150,0.0,0.772140361537293,0.19269230769230772,1,1,0,0,2
151,1.0,0.3316117271760595,0.2,0,0,1,0,2
152,0.0,0.8404982530761052,0.12384615384615387,2,1,0,0,2
153,0.0,0.6126386146133982,0.2230769230769231,2,1,0,2,2
154,0.0,0.4227555825611423,0.1125,2,1,0,0,2
155,0.0,0.772140361537293,0.9442953846153846,0,1,0,1,0
156,1.0,0.24046787179097676,0.11897384615384615,2,0,0,0,1
157,0.0,0.4531368676895033,0.12384615384615387,2,1,0,0,2
158,0.0,0.4227555825611423,0.13326923076923078,2,1,0,0,2
159,0.0,0.4227555825611423,0.2,2,1,6,2,2
160,0.0,0.6658058635880297,0.24769230769230774,2,1,0,1,2
161,1.0,0.6050432933313079,0.24230769230769234,1,0,0,0,2
162,0.0,0.3923742974327814,0.11961538461538462,2,1,0,0,2
163,0.0,0.25565851435515724,0.13326923076923078,2,1,0,0,2
164,0.0,0.012608233328269786,0.6105769230769231,2,1,4,1,2
165,1.0,0.1341333738417135,0.31576923076923075,2,1,0,2,2
166,1.0,0.4227555825611423,0.8461538461538463,0,0,0,1,2
167,0.0,0.6809965061522103,0.42923076923076925,2,0,1,4,2
168,0.0,0.4227555825611423,0.3988461538461539,0,1,0,0,2
169,0.0,0.4227555825611423,0.8691661538461539,2,1,0,0,2
170,0.0,0.9240467871790977,0.5153846153846154,0,1,0,0,2
171,0.0,0.05818016102081118,0.4480769230769231,2,1,4,1,1
172,1.0,0.012608233328269786,0.17128153846153849,2,0,1,1,2
173,0.0,0.31642108461187907,0.12192307692307693,2,1,0,0,2
174,0.0,0.8480935743581953,0.47224307692307693,0,1,0,0,0
175,0.0,0.2708491569193377,0.12083384615384615,2,1,1,1,2
176,0.0,0.4227555825611423,0.3917953846153846,2,1,3,1,2
177,0.0,0.7569497189731126,0.44173076923076926,0,0,0,0,0
178,0.0,0.4531368676895033,0.2,1,1,0,0,2
179,0.0,0.5442807230745861,0.0,2,1,0,0,2
180,0.0,0.4227555825611423,0.2,2,0,6,2,2
181,0.0,0.4227555825611423,0.23153846153846155,1,1,0,0,0
182,0.0,0.1341333738417135,0.4828846153846154,2,1,4,2,2
183,1.0,0.012608233328269786,0.6000000000000001,1,1,2,1,2
184,1.0,0.05818016102081118,0.33884615384615385,2,0,0,2,2
185,0.0,0.4227555825611423,0.7692307692307693,0,1,0,0,2
186,1.0,0.4227555825611423,0.23846153846153847,2,0,1,0,1
187,1.0,0.6809965061522103,0.4084615384615385,0,1,0,0,2
188,0.0,0.6050432933313079,0.23846153846153847,2,1,1,1,1
189,0.0,0.5442807230745861,0.12147384615384617,2,1,0,0,2
190,1.0,0.4835181528178642,0.2,1,0,0,0,2
191,0.0,0.28603979948351815,0.2,1,1,0,0,2
192,1.0,0.28603979948351815,0.12083384615384615,2,0,1,0,2
193,1.0,0.04298951845663072,0.4,1,1,1,1,2
194,1.0,0.6658058635880297,0.4264738461538462,0,0,0,0,0
195,1.0,0.8784748594865563,0.2,0,0,0,0,0
196,0.0,0.4227555825611423,0.11923076923076924,2,1,0,0,1
197,0.0,0.6354245784596688,0.12929538461538462,2,1,0,1,2
198,1.0,0.4227555825611423,0.11923076923076924,2,0,0,0,1
199,0.0,0.3619930123044205,0.2,1,0,0,0,2
200,0.0,0.4227555825611423,0.14615384615384616,2,1,0,0,2
201,0.0,0.4227555825611423,0.2,2,1,6,2,2
202,0.0,0.5138994379462252,0.09993538461538462,2,1,0,0,2
203,0.0,0.6885918274343005,0.11115384615384616,2,1,0,0,0
204,1.0,0.2708491569193377,0.12384615384615387,2,1,0,0,2
205,0.0,0.02779887589245025,0.1609615384615385,2,0,0,1,2
206,0.0,0.4835181528178642,0.24384615384615385,2,1,1,0,2
207,1.0,0.3923742974327814,0.2890384615384616,2,1,0,0,0
208,1.0,0.24046787179097676,0.11923076923076924,2,0,0,0,1
209,1.0,0.6050432933313079,0.47692307692307695,0,1,0,0,0
210,0.0,0.3619930123044205,0.10846153846153847,2,1,0,0,2
211,1.0,0.5290900805104056,0.3230769230769231,1,0,0,0,2
212,0.0,0.3316117271760595,0.11153846153846154,2,1,0,0,2
213,0.0,0.4531368676895033,0.2,1,1,0,0,2
214,0.0,0.4227555825611423,0.11923076923076924,2,1,1,0,1
215,1.0,0.46832751025368374,0.2,0,0,1,0,0
216,1.0,0.40756493999696186,0.12192307692307693,2,0,0,0,2
217,0.0,0.6354245784596688,0.4153846153846154,1,1,1,0,2
218,1.0,0.4835181528178642,0.2,0,0,0,0,0
219,0.0,0.4531368676895033,0.16153846153846155,1,1,0,0,2
220,1.0,0.24046787179097676,0.12384615384615387,2,1,0,0,2
221,0.0,0.40756493999696186,0.2,1,1,0,0,2
222,0.0,0.772140361537293,0.12384615384615387,2,1,0,0,2
223,0.0,0.4227555825611423,0.12147384615384617,2,1,0,0,2
224,1.0,0.574662008202947,0.2,0,1,1,0,2
225,0.0,0.3316117271760595,0.14384615384615385,2,1,0,0,2
226,1.0,0.28603979948351815,0.16153846153846155,1,1,0,0,2
227,0.0,0.30882576332978884,0.11153846153846154,2,1,0,0,2
228,0.0,0.2708491569193377,0.2,1,1,0,0,2
229,0.0,0.4227555825611423,0.3917953846153846,2,0,3,1,2
230,1.0,0.5290900805104056,0.2,0,0,1,0,2
231,0.0,0.43794622512532283,0.11961538461538462,2,1,0,0,2
232,0.0,0.8936655020507368,0.2076923076923077,1,1,0,0,2
233,1.0,0.07337080358499165,0.4828846153846154,2,0,4,2,2
234,0.0,0.3619930123044205,0.16153846153846155,1,1,0,0,2
235,0.0,0.4227555825611423,0.11615384615384616,2,0,0,0,2
236,0.0,0.6658058635880297,0.4,1,1,1,0,2
237,1.0,0.11894273127753305,0.40384615384615385,1,0,0,2,2
238,0.0,0.28603979948351815,0.16153846153846155,1,1,0,0,2
239,0.0,0.4987087953820447,0.18884615384615386,1,1,0,0,2
240,0.0,0.4227555825611423,0.2223723076923077,2,0,1,0,0
241,1.0,0.4227555825611423,0.23846153846153847,2,0,1,0,1
242,0.0,0.43794622512532283,0.16153846153846155,1,1,0,0,2
243,0.0,0.3316117271760595,0.10961538461538461,2,1,0,0,2
244,0.0,0.4531368676895033,0.11115384615384616,2,1,0,0,0
245,0.0,0.6658058635880297,0.2,0,1,2,0,1
246,0.0,0.37718365486860095,0.11961538461538462,2,0,0,0,2
247,1.0,0.3619930123044205,0.2230769230769231,1,0,0,2,2
248,1.0,0.5594713656387665,0.8085261538461539,0,1,1,1,2
249,0.0,0.8177122892298344,0.4,1,1,1,0,2
250,0.0,0.4227555825611423,0.11153846153846154,2,1,0,0,2
251,0.0,0.43794622512532283,0.1609615384615385,2,0,1,1,2
252,0.0,0.9392374297432782,0.4084615384615385,0,1,0,0,2
253,0.0,0.4531368676895033,0.24769230769230774,2,1,1,0,2
254,0.0,0.6202339358954884,0.31096153846153846,2,0,0,2,2
255,1.0,0.43794622512532283,0.23455076923076923,2,0,0,2,0
256,1.0,0.4227555825611423,0.2,0,0,0,0,0
257,1.0,0.4531368676895033,0.2,0,0,0,0,2
258,1.0,0.5290900805104056,0.2,0,0,0,0,0
259,1.0,0.7569497189731126,0.4,1,0,0,1,2
260,0.0,0.4227555825611423,0.11923076923076924,2,1,0,0,1
261,1.0,0.04298951845663072,0.4828846153846154,2,1,4,2,2
262,0.0,0.7873310041014735,0.2,0,1,1,1,2
263,0.0,0.6050432933313079,0.0,0,1,0,0,2
264,0.0,0.4227555825611423,0.11923076923076924,2,0,0,0,1
265,0.0,0.5442807230745861,0.16153846153846155,1,1,0,0,2
266,0.0,0.24046787179097676,0.6105769230769231,2,1,4,1,2
267,1.0,0.37718365486860095,0.11961538461538462,2,1,1,0,2
268,1.0,0.8784748594865563,0.2,0,0,0,1,2
269,1.0,0.5290900805104056,0.2,0,0,0,0,2
270,0.0,0.4227555825611423,0.47692307692307695,0,1,0,0,2
271,1.0,0.37718365486860095,0.0,2,1,0,0,2
272,1.0,0.6202339358954884,0.30000000000000004,1,0,0,1,2
273,0.0,0.5594713656387665,0.45692307692307693,0,1,0,1,0
274,1.0,0.4227555825611423,0.11923076923076924,2,0,0,0,1
275,1.0,0.9544280723074586,0.2,0,0,1,0,2
276,0.0,0.6809965061522103,0.11923076923076924,2,0,0,0,2
277,0.0,0.4227555825611423,0.0,1,1,0,0,2
278,0.0,0.10375208871335258,0.4480769230769231,2,1,4,1,1
279,1.0,0.5290900805104056,0.31153846153846154,2,0,1,1,2
280,0.0,0.9848093574358195,0.11923076923076924,2,1,0,0,1
281,0.0,0.4227555825611423,0.12083384615384615,2,1,0,0,2
282,0.0,0.24046787179097676,0.14615384615384616,2,1,0,0,2
283,1.0,0.28603979948351815,0.12384615384615387,2,1,0,0,2
284,0.0,0.4227555825611423,0.4,0,1,0,0,2
285,0.0,0.4987087953820447,0.13326923076923078,2,1,0,0,0
286,1.0,0.4531368676895033,0.14615384615384616,2,1,0,0,2
287,0.0,0.3316117271760595,0.12147384615384617,2,1,0,0,2
288,1.0,0.6354245784596688,0.2,1,1,0,0,2
289,1.0,0.3316117271760595,0.11923076923076924,2,0,0,0,1
290,1.0,0.3923742974327814,0.2,0,0,0,0,2
291,1.0,0.28603979948351815,0.2,0,0,1,0,0
292,0.0,0.5442807230745861,0.1980769230769231,1,1,0,0,0
293,0.0,0.3619930123044205,0.13615384615384615,2,0,0,0,2
294,0.0,0.3619930123044205,0.12147384615384617,2,1,0,0,2
295,0.0,0.4227555825611423,0.4264738461538462,0,1,0,0,0
296,0.0,0.35439769102233026,0.11121846153846154,2,1,0,0,0
297,0.0,0.02779887589245025,0.2,0,0,1,2,2
298,1.0,0.4227555825611423,0.46923076923076923,0,1,0,0,2
299,1.0,0.7569497189731126,0.2,0,0,0,1,0
300,1.0,0.4227555825611423,0.11923076923076924,2,0,0,0,1
301,1.0,0.4227555825611423,0.3576923076923077,2,1,2,0,1
302,0.0,0.28603979948351815,0.0,2,1,0,0,2
303,1.0,0.4227555825611423,0.19,1,0,0,0,1
304,0.0,0.4227555825611423,0.12384615384615387,2,1,0,0,2
305,1.0,0.01139298192313535,0.2,0,1,1,2,2
306,1.0,0.4227555825611423,0.2,0,0,0,0,0
307,1.0,0.25565851435515724,0.2,0,0,1,0,0
308,0.0,0.4531368676895033,0.36923076923076925,1,1,1,0,0
309,1.0,0.4531368676895033,0.8758338461538462,0,0,0,0,0
310,1.0,0.3619930123044205,0.2,0,0,0,0,0
311,1.0,0.2708491569193377,0.2,0,0,2,2,0
312,0.0,0.3923742974327814,0.4,1,0,1,1,2
313,0.0,0.4227555825611423,0.12147384615384617,2,1,0,0,2
314,0.0,0.6506152210238493,0.40384615384615385,1,1,1,1,2
315,1.0,0.3923742974327814,0.12083384615384615,2,0,0,0,2
316,1.0,0.3619930123044205,0.4,1,0,1,0,2
317,0.0,0.8177122892298344,0.2153846153846154,1,1,0,0,2
318,1.0,0.46832751025368374,0.2,0,0,0,2,2
319,1.0,0.6050432933313079,0.2,0,0,1,1,0
320,0.0,0.3316117271760595,0.11153846153846154,2,1,0,0,2
321,0.0,0.40756493999696186,0.12147384615384617,2,1,0,0,2
322,1.0,0.4531368676895033,0.19,1,0,0,0,1
323,1.0,0.3316117271760595,0.4461538461538462,1,0,1,1,2
324,0.0,0.4227555825611423,0.2,2,1,6,2,2
325,1.0,0.5442807230745861,0.2,0,0,0,0,0
326,0.0,0.9240467871790977,0.09596153846153846,2,1,0,0,2
327,1.0,0.5442807230745861,0.2,1,0,0,0,2
328,1.0,0.46832751025368374,0.31576923076923075,2,0,1,1,2
329,1.0,0.24046787179097676,0.8919876923076924,0,0,0,1,0
330,1.0,0.4227555825611423,0.3576923076923077,2,0,2,0,1
331,0.0,0.6885918274343005,0.43846153846153846,0,1,0,0,2
332,0.0,0.574662008202947,0.2,0,1,0,1,2
333,0.0,0.24046787179097676,0.27692307692307694,2,1,2,0,2
334,1.0,0.4227555825611423,0.2,0,0,1,0,2
335,0.0,0.4227555825611423,0.12147384615384617,2,1,0,0,2
336,0.0,0.43794622512532283,0.2,0,1,1,0,2
337,1.0,0.6202339358954884,0.2,0,0,0,0,0
338,1.0,0.6809965061522103,0.12384615384615387,2,1,0,0,2
339,0.0,0.6809965061522103,0.5461538461538462,0,1,0,0,2
340,1.0,0.02779887589245025,0.4,1,1,1,1,2
341,1.0,0.3619930123044205,0.2,0,0,3,2,2
342,0.0,0.4227555825611423,0.2,1,1,0,0,2
343,0.0,0.37718365486860095,0.2,1,1,0,0,2
344,0.0,0.5442807230745861,0.2,1,1,0,0,2
345,1.0,0.3619930123044205,0.2,1,0,0,0,2
346,1.0,0.6050432933313079,0.2,1,0,0,0,2
347,1.0,0.4227555825611423,0.24769230769230774,2,0,1,0,2
348,1.0,0.04298951845663072,0.24461538461538462,2,1,1,1,2
349,0.0,0.6354245784596688,0.13326923076923078,2,1,0,0,2
350,0.0,0.34680236974024004,0.14192307692307693,2,1,0,0,2
351,0.0,0.4227555825611423,0.5384615384615385,0,1,0,0,2
352,0.0,0.2252772292267963,0.11121846153846154,2,1,1,1,0
353,0.0,0.37718365486860095,0.27384615384615385,2,1,1,0,2
354,0.0,0.4227555825611423,0.11115384615384616,2,1,0,0,0
355,0.0,0.4227555825611423,0.14615384615384616,2,1,0,0,2
356,1.0,0.3316117271760595,0.8461538461538463,0,0,0,1,2
357,0.0,0.574662008202947,0.2,1,0,0,0,2
358,1.0,0.4227555825611423,0.12121846153846154,2,0,0,0,1
359,1.0,0.4227555825611423,0.12121846153846154,2,0,0,0,1
360,0.0,0.6050432933313079,0.42923076923076925,2,1,1,4,2
361,0.0,0.43794622512532283,0.4264738461538462,1,1,1,0,0
362,0.0,0.6809965061522103,0.2223723076923077,2,0,0,1,0
363,0.0,0.5290900805104056,0.10846153846153847,2,1,0,0,2
364,0.0,0.4227555825611423,0.23846153846153847,2,1,1,0,1
365,0.0,0.4531368676895033,0.11153846153846154,2,1,0,0,2
366,1.0,0.9088561446149173,0.2,0,0,1,0,0
367,1.0,0.4227555825611423,0.11121846153846154,2,0,0,0,0
368,1.0,0.4227555825611423,0.11923076923076924,2,0,0,0,1
369,1.0,0.3619930123044205,0.2,0,0,0,0,0
370,1.0,0.37718365486860095,0.8529492307692308,0,1,1,0,0
371,0.0,0.2708491569193377,0.09993538461538462,2,1,1,0,2
372,0.0,0.28603979948351815,0.12384615384615387,2,1,0,0,2
373,0.0,0.3316117271760595,0.2,0,1,0,0,0
374,0.0,0.04298951845663072,0.3242307692307692,2,0,3,1,2
375,1.0,0.4227555825611423,0.2,0,0,1,0,0
376,1.0,0.3316117271760595,0.11153846153846154,2,0,0,0,2
377,0.0,0.40756493999696186,0.2,0,1,0,2,0
378,0.0,0.3012304420476986,0.061730769230769235,2,1,0,0,0
379,0.0,0.28603979948351815,0.11961538461538462,2,1,0,0,2
380,1.0,0.6354245784596688,0.2,0,0,0,0,0
381,1.0,0.012608233328269786,0.24218,2,0,0,2,0
382,0.0,0.4835181528178642,0.12192307692307693,2,1,0,0,2
383,1.0,0.5290900805104056,0.8,0,0,1,0,2
384,0.0,0.4227555825611423,0.12147384615384617,2,1,0,0,2
385,0.0,0.2708491569193377,0.2,1,1,0,0,2
386,0.0,0.012608233328269786,0.7215384615384616,2,1,5,2,2
387,1.0,0.5442807230745861,0.2,1,0,0,0,2
388,0.0,0.4227555825611423,0.11891076923076924,2,1,0,0,1
389,1.0,0.25565851435515724,0.18461538461538463,1,0,0,0,0
390,1.0,0.5442807230745861,0.2,0,1,1,2,2
391,1.0,0.31642108461187907,0.11993538461538462,2,1,0,0,2
392,0.0,0.4227555825611423,0.12192307692307693,2,1,2,0,2
393,1.0,0.34680236974024004,0.2,0,0,1,0,0
394,1.0,0.3619930123044205,0.2569230769230769,2,0,0,2,2
395,0.0,0.3316117271760595,0.11993538461538462,2,1,0,0,2
396,0.0,0.46832751025368374,0.12083384615384615,2,0,0,0,2
397,0.0,0.6961871487163908,0.4,1,1,0,0,2
398,0.0,0.34680236974024004,0.16153846153846155,1,1,0,0,2
399,1.0,0.4227555825611423,0.19461538461538463,1,0,0,0,2
400,1.0,0.5898526507671275,0.12192307692307693,2,1,0,0,2
401,0.0,0.3923742974327814,0.12384615384615387,2,1,0,0,2
402,0.0,0.31642108461187907,0.15115384615384614,2,0,1,0,2
403,0.0,0.4227555825611423,0.24384615384615385,2,1,1,0,2
404,0.0,0.3012304420476986,0.13326923076923078,2,0,0,0,2
405,0.0,0.5138994379462252,0.3230769230769231,1,1,1,0,2
406,0.0,0.772140361537293,0.11923076923076924,2,1,0,0,2
407,1.0,0.04298951845663072,0.2884615384615385,1,1,1,1,2
408,0.0,0.31642108461187907,0.11961538461538462,2,1,0,0,2
409,0.0,0.4227555825611423,0.3917953846153846,2,0,3,1,2
410,0.0,0.4227555825611423,0.12147384615384617,2,1,0,0,2
411,0.0,0.4227555825611423,0.1055123076923077,2,1,0,0,1
412,1.0,0.4987087953820447,0.2,0,0,1,0,1
413,0.0,0.4227555825611423,0.0,1,1,0,0,2
414,1.0,0.6658058635880297,0.12192307692307693,2,1,0,0,2
415,0.0,0.4227555825611423,0.12384615384615387,2,0,0,0,2
416,1.0,0.5138994379462252,0.5,1,0,1,1,2
417,1.0,0.2708491569193377,0.2,1,0,0,2,2
418,0.0,0.4531368676895033,0.2,1,1,0,0,2
419,0.0,0.14932401640589396,0.37153846153846154,2,0,0,2,2
420,0.0,0.4227555825611423,0.12147384615384617,2,1,0,0,0
421,0.0,0.31642108461187907,0.11897384615384615,2,1,0,0,1
422,0.0,0.43794622512532283,0.12115384615384617,2,1,0,0,2
423,0.0,0.4227555825611423,0.22153846153846155,2,0,1,1,2
424,0.0,0.2708491569193377,0.31096153846153846,2,1,1,1,2
425,0.0,0.4227555825611423,0.11153846153846154,2,1,0,0,2
426,1.0,0.4227555825611423,0.4,1,0,1,0,2
427,1.0,0.28603979948351815,0.4,1,0,0,0,2
428,0.0,0.4227555825611423,0.11923076923076924,2,1,0,0,1
429,1.0,0.4835181528178642,0.12384615384615387,2,1,0,0,2
430,1.0,0.4227555825611423,0.4084615384615385,0,1,0,0,2
431,1.0,0.4227555825611423,0.24769230769230774,2,0,1,0,2
432,1.0,0.6354245784596688,0.4,1,0,1,0,2
433,0.0,0.25565851435515724,0.10961538461538461,2,1,0,0,2
434,0.0,0.7569497189731126,0.86,0,1,1,0,2
435,1.0,0.21008658666261582,0.2,0,0,1,2,2
436,0.0,0.31642108461187907,0.5288461538461539,2,0,2,2,2
437,1.0,0.3619930123044205,0.2884615384615385,1,0,2,3,2
438,0.0,0.9696187148716391,0.2,0,1,1,4,2
439,0.0,0.46832751025368374,0.16153846153846155,1,1,0,0,2
440,1.0,0.6809965061522103,0.40384615384615385,1,0,1,1,2
441,0.0,0.3012304420476986,0.14615384615384616,2,1,0,0,2
442,0.0,0.37718365486860095,0.11961538461538462,2,1,1,0,2
443,1.0,0.4227555825611423,0.2,1,0,0,0,2
444,1.0,0.4227555825611423,0.12480769230769233,2,1,0,0,2
445,1.0,0.05818016102081118,0.2,0,1,0,2,2
446,1.0,0.19489594409843536,0.30000000000000004,1,0,0,1,2
447,1.0,0.5138994379462252,0.4084615384615385,0,1,0,0,2
448,1.0,0.07337080358499165,0.29628153846153843,2,0,2,1,0
449,1.0,0.7873310041014735,0.46923076923076923,0,1,0,0,2
450,0.0,0.5442807230745861,0.42692307692307696,1,1,1,2,2
451,0.0,0.4227555825611423,0.30718,2,1,1,0,2
452,0.0,0.4531368676895033,0.42692307692307696,0,1,0,0,0
453,1.0,0.7417590764089321,0.2,0,1,1,0,0
454,0.0,0.4227555825611423,0.12384615384615387,2,1,0,0,2
455,1.0,0.43794622512532283,0.12147384615384617,2,1,0,0,0
456,0.0,0.9848093574358195,0.4084615384615385,0,1,0,0,2
457,1.0,0.4227555825611423,0.7978846153846154,0,0,1,0,2
458,1.0,0.7569497189731126,0.16153846153846155,1,0,0,0,2
459,0.0,0.4227555825611423,0.11923076923076924,2,1,0,0,1
460,1.0,0.7265684338447517,0.4084615384615385,0,1,0,0,2
461,0.0,0.5138994379462252,0.12384615384615387,2,1,0,0,2
462,0.0,0.7113777912805712,0.5923076923076923,0,1,0,0,2
463,0.0,0.7265684338447517,0.2,1,1,0,0,2
464,0.0,0.4227555825611423,0.12384615384615387,2,1,0,0,2
465,0.0,0.574662008202947,0.10846153846153847,2,1,0,0,2
466,0.0,0.4227555825611423,0.0,1,1,0,0,2
467,0.0,0.8480935743581953,0.4084615384615385,0,1,0,0,2
468,0.0,0.4227555825611423,0.11884615384615385,2,1,0,0,1
469,1.0,0.00881057268722467,0.29628153846153843,2,0,2,1,0
470,0.0,0.4227555825611423,0.11153846153846154,2,1,0,0,2
471,0.0,0.574662008202947,0.13326923076923078,2,1,0,0,2
472,1.0,0.4987087953820447,0.42692307692307696,1,0,1,2,2
473,1.0,0.34680236974024004,0.21218,1,0,0,0,0
474,0.0,0.3316117271760595,0.15134615384615385,2,0,0,0,2
475,0.0,0.4227555825611423,0.8,0,1,0,0,2
476,0.0,0.5138994379462252,0.3230769230769231,1,1,1,0,2
477,0.0,0.43794622512532283,0.10839692307692309,2,1,1,0,2
478,0.0,0.3316117271760595,0.11570461538461539,2,1,0,0,2
479,1.0,0.02779887589245025,0.18903846153846154,2,0,0,1,2
480,0.0,0.1341333738417135,0.7215384615384616,2,1,5,2,2
481,0.0,0.4227555825611423,0.0,1,1,0,0,2
482,0.0,0.7569497189731126,0.12384615384615387,2,1,0,0,2
483,1.0,0.9544280723074586,0.14750000000000002,2,0,0,0,2
484,1.0,0.37718365486860095,0.2,0,1,1,0,0
485,0.0,0.4227555825611423,0.3917953846153846,2,0,3,1,2
486,1.0,0.5290900805104056,0.2,0,0,1,0,2
487,0.0,0.8784748594865563,0.45692307692307693,0,1,0,0,0
488,0.0,0.4531368676895033,0.12384615384615387,2,1,0,0,2
489,1.0,0.1341333738417135,0.24461538461538462,2,1,1,1,2
490,0.0,0.4227555825611423,0.30718,2,1,1,0,2
491,0.0,0.31642108461187907,0.11153846153846154,2,1,0,0,2
492,0.0,0.8329029317940149,0.46923076923076923,0,1,0,0,2
493,0.0,0.4227555825611423,0.7616030769230769,0,1,0,0,0
494,0.0,0.31642108461187907,0.12384615384615387,2,1,0,0,2
495,0.0,0.4227555825611423,0.22243538461538462,2,1,0,0,0
496,1.0,0.8177122892298344,0.2,0,0,1,0,0
497,0.0,0.4227555825611423,0.23230769230769233,2,1,0,0,2
498,0.0,0.37718365486860095,0.2,0,0,1,2,2
499,0.0,0.3619930123044205,0.11993538461538462,2,1,0,0,2
500,0.0,0.25565851435515724,0.13326923076923078,2,1,0,0,2
501,0.0,0.31642108461187907,0.11923076923076924,2,0,0,0,1
502,0.0,0.4227555825611423,0.11737230769230769,2,0,0,0,1
503,0.0,0.5594713656387665,0.14750000000000002,2,0,0,0,2
504,1.0,0.24046787179097676,0.2,0,0,0,0,2
505,0.0,0.2708491569193377,0.2,0,1,1,0,0
506,1.0,0.4987087953820447,0.4,1,0,0,2,2
507,1.0,0.4227555825611423,0.4084615384615385,0,1,0,0,2
508,0.0,0.4227555825611423,0.3465384615384615,2,1,0,0,2
509,1.0,0.3923742974327814,0.8691661538461539,2,1,0,0,2
510,1.0,0.43794622512532283,0.11923076923076924,2,1,0,0,1
511,0.0,0.4227555825611423,0.12384615384615387,2,1,0,0,2
512,1.0,0.5442807230745861,0.40442307692307694,0,1,0,0,2
513,1.0,0.8177122892298344,0.9138461538461539,0,0,1,0,0
514,0.0,0.3619930123044205,0.11532,2,1,0,0,2
515,0.0,0.7113777912805712,0.5233969230769231,0,1,0,0,2
516,1.0,0.5138994379462252,0.16153846153846155,1,0,0,0,2
517,0.0,0.4227555825611423,0.37153846153846154,2,1,0,0,1
518,1.0,0.5442807230745861,0.4,1,0,1,0,2
519,0.0,0.4835181528178642,0.12147384615384617,2,1,0,0,2
520,1.0,0.4531368676895033,0.2,0,0,0,0,2
521,0.0,0.3316117271760595,0.12147384615384617,2,1,0,0,2
522,0.0,0.4227555825611423,0.11115384615384616,2,1,0,0,0
523,1.0,0.6658058635880297,0.8919876923076924,0,0,0,1,0
524,0.0,0.4227555825611423,0.11121846153846154,2,1,0,0,0
525,0.0,0.6126386146133982,0.11923076923076924,2,1,0,0,1
526,1.0,0.7569497189731126,0.16153846153846155,1,0,0,0,2
527,0.0,0.4227555825611423,0.2,0,1,0,0,2
528,0.0,0.5898526507671275,0.12192307692307693,2,1,0,0,2
529,0.0,0.34680236974024004,0.17692307692307693,1,1,2,1,2
530,1.0,0.02779887589245025,0.4,1,0,1,1,2
531,0.0,0.4227555825611423,0.11121846153846154,2,1,0,0,0
532,0.0,0.25565851435515724,0.11121846153846154,2,1,1,1,0
533,1.0,0.4227555825611423,0.3439738461538462,2,0,0,2,0
534,0.0,0.4531368676895033,0.13326923076923078,2,0,0,0,2
535,1.0,0.10375208871335258,0.40384615384615385,1,0,0,2,2
536,0.0,0.6809965061522103,0.4084615384615385,0,1,0,0,2
537,1.0,0.4531368676895033,0.2,0,0,0,0,0
538,0.0,0.4227555825611423,0.2230769230769231,2,1,0,0,2
539,1.0,0.3316117271760595,0.7615384615384616,0,0,0,2,0
540,1.0,0.5442807230745861,0.2,0,0,0,2,2
541,0.0,0.1341333738417135,0.48115384615384615,2,0,4,2,2
542,0.0,0.16451465897007442,0.48115384615384615,2,0,4,2,2
543,1.0,0.4835181528178642,0.4,1,1,1,0,2
544,0.0,0.7569497189731126,0.2,0,1,1,0,0
545,0.0,0.9696187148716391,0.4,0,1,0,0,2
546,1.0,0.28603979948351815,0.4,1,0,1,0,2
547,1.0,0.4227555825611423,0.2132692307692308,1,1,0,0,0
548,0.0,0.4987087953820447,0.31576923076923075,2,1,1,1,2
549,1.0,0.11894273127753305,0.5653846153846154,1,1,1,1,2
550,1.0,0.25565851435515724,0.2,0,1,0,2,0
551,0.0,0.40756493999696186,0.4,1,1,0,0,2
552,0.0,0.4227555825611423,0.12044923076923078,2,1,0,0,1
553,1.0,0.3316117271760595,0.11115384615384616,2,1,0,0,0
554,1.0,0.3316117271760595,0.11961538461538462,2,0,0,0,2
555,0.0,0.9392374297432782,0.4084615384615385,0,1,0,0,2
556,1.0,0.7265684338447517,0.6092307692307692,0,0,1,0,0
557,0.0,0.4227555825611423,0.2,0,1,0,0,0
558,1.0,0.5898526507671275,0.2,0,0,1,1,2
559,1.0,0.5442807230745861,0.2676923076923077,2,0,1,0,2
560,0.0,0.4227555825611423,0.11923076923076924,2,1,0,0,1
561,0.0,0.6050432933313079,0.12147384615384617,2,1,0,0,2
562,0.0,0.4227555825611423,0.2076923076923077,1,1,0,0,2
563,0.0,0.4227555825611423,0.12384615384615387,2,1,0,0,2
564,0.0,0.4227555825611423,0.12384615384615387,2,0,0,0,2
565,0.0,0.3619930123044205,0.37153846153846154,2,1,2,0,2
566,0.0,0.28603979948351815,0.12147384615384617,2,1,0,0,2
567,0.0,0.43794622512532283,0.3242307692307692,2,0,0,4,2
568,0.0,0.4227555825611423,0.11121846153846154,2,1,0,0,0
569,1.0,0.4835181528178642,0.12083384615384615,2,1,0,0,2
570,1.0,0.9392374297432782,0.16153846153846155,1,1,0,0,2
571,1.0,0.802521646665654,0.7919876923076923,0,0,2,0,2
572,1.0,0.5442807230745861,0.4059615384615385,0,1,0,0,2
573,1.0,0.4227555825611423,0.11923076923076924,2,0,0,0,1
574,0.0,0.24046787179097676,0.12384615384615387,2,1,0,0,2
575,0.0,0.28603979948351815,0.2230769230769231,2,1,0,0,2
576,1.0,0.5138994379462252,0.2,1,0,0,0,2
577,1.0,0.5898526507671275,0.86,0,0,1,0,2
578,0.0,0.4227555825611423,0.22243538461538462,2,0,1,0,0
579,1.0,0.4835181528178642,0.12192307692307693,2,1,0,0,2
580,1.0,0.37718365486860095,0.46153846153846156,1,0,1,1,2
581,1.0,0.5898526507671275,0.2,0,0,1,1,0
582,0.0,0.8177122892298344,0.4,1,1,0,0,2
583,0.0,0.5442807230745861,0.6173076923076923,0,1,0,0,0
584,0.0,0.4227555825611423,0.13403846153846155,2,1,0,0,0
585,1.0,0.2708491569193377,0.2,0,0,0,2,2
586,0.0,0.7113777912805712,0.23076923076923078,1,1,0,0,2
587,1.0,0.9088561446149173,0.2,0,1,1,1,0
588,0.0,0.3316117271760595,0.12384615384615387,2,1,0,0,2
589,0.0,0.4227555825611423,0.12384615384615387,2,1,0,0,2
590,0.0,0.5290900805104056,0.10961538461538461,2,1,0,0,2
591,1.0,0.7873310041014735,0.2,0,0,1,0,0
592,0.0,0.7113777912805712,0.11153846153846154,2,1,0,0,2
593,0.0,0.4227555825611423,0.11923076923076924,2,0,0,2,1
594,0.0,0.5594713656387665,0.4,1,1,1,0,2
595,0.0,0.5442807230745861,0.37153846153846154,2,1,1,1,2
596,1.0,0.4227555825611423,0.5076923076923077,1,0,0,0,2
597,0.0,0.7417590764089321,0.0,2,1,0,0,2
598,0.0,0.4227555825611423,0.11115384615384616,2,1,0,0,0
599,1.0,0.7417590764089321,0.8758338461538462,0,1,1,0,0
600,1.0,0.3619930123044205,0.4153846153846154,1,0,2,1,2
601,0.0,0.4227555825611423,0.12147384615384617,2,1,0,0,2
602,0.0,0.4227555825611423,0.6523076923076924,0,1,0,0,2
603,0.0,0.6658058635880297,0.12384615384615387,2,1,0,0,2
604,1.0,0.5290900805104056,0.4084615384615385,0,1,0,0,0
605,0.0,0.5442807230745861,0.23923076923076925,2,1,1,0,2
606,0.0,0.4531368676895033,0.12147384615384617,2,1,0,0,2
607,1.0,0.40756493999696186,0.46923076923076923,0,1,0,0,2
608,1.0,0.3316117271760595,0.63968,1,0,1,2,0
609,1.0,0.6050432933313079,0.2,0,0,0,0,2
610,0.0,0.5898526507671275,0.48115384615384615,2,0,1,5,2
611,0.0,0.4227555825611423,0.10846153846153847,2,1,0,0,2
612,1.0,0.4227555825611423,0.23846153846153847,2,0,1,0,1
613,0.0,0.4227555825611423,0.11923076923076924,2,1,0,0,1
614,0.0,0.5290900805104056,0.12384615384615387,2,1,0,0,2
615,1.0,0.3619930123044205,1.0,1,0,1,2,2
616,0.0,0.5138994379462252,0.22153846153846155,2,1,1,1,2
617,0.0,0.3923742974327814,0.24769230769230774,2,0,1,0,2
618,1.0,0.05818016102081118,0.6000000000000001,1,0,2,1,2
619,0.0,0.3923742974327814,0.16153846153846155,1,1,0,0,2
620,0.0,0.40756493999696186,0.2223723076923077,2,1,1,0,0
621,1.0,0.6354245784596688,0.8085261538461539,0,1,1,0,2
622,1.0,0.3012304420476986,0.24218,2,1,1,1,0
623,0.0,0.31642108461187907,0.12083384615384615,2,1,0,0,2
624,0.0,0.31642108461187907,0.24769230769230774,2,1,0,0,2
625,0.0,0.9240467871790977,0.4972430769230769,0,1,0,0,2
626,0.0,0.8632842169223758,0.19,1,1,0,0,1
627,1.0,0.31642108461187907,0.2,0,0,0,0,2
628,0.0,0.3923742974327814,0.12147384615384617,2,1,0,0,2
629,0.0,0.4227555825611423,0.11897384615384615,2,1,0,0,1
630,1.0,0.4227555825611423,0.46153846153846156,0,1,0,0,2
631,0.0,0.772140361537293,0.10852615384615386,2,1,0,0,2
632,1.0,0.4835181528178642,0.46923076923076923,0,1,0,0,0
633,0.0,0.4227555825611423,0.0,0,1,0,0,2
634,0.0,0.1341333738417135,0.42923076923076925,2,0,3,2,2
635,1.0,0.4227555825611423,0.2,1,0,0,0,2
636,0.0,0.4835181528178642,0.12192307692307693,2,1,0,0,2
637,0.0,0.46832751025368374,0.40384615384615385,1,1,1,1,2
638,0.0,0.6202339358954884,0.6105769230769231,2,0,0,5,2
639,0.0,0.4227555825611423,0.24769230769230774,2,1,1,0,2
640,0.0,0.3012304420476986,0.12083384615384615,2,1,0,0,2
641,1.0,0.3619930123044205,0.2,0,0,0,0,0
642,0.0,0.02779887589245025,0.42923076923076925,2,0,3,2,2
643,1.0,0.4227555825611423,0.8691661538461539,2,1,0,0,2
644,1.0,0.00881057268722467,0.29628153846153843,2,0,2,1,0
645,1.0,0.7265684338447517,0.2,0,1,1,0,0
646,0.0,0.28603979948351815,0.12147384615384617,2,1,0,0,2
647,1.0,0.8480935743581953,0.5461538461538462,0,1,0,0,0
648,0.0,0.4227555825611423,0.11615384615384616,2,1,0,0,2
649,1.0,0.34680236974024004,0.11615384615384616,2,0,0,0,2
650,0.0,0.4227555825611423,0.12147384615384617,2,1,0,0,2
651,1.0,0.2708491569193377,0.35384615384615387,1,0,0,1,2
652,0.0,0.31642108461187907,0.1297430769230769,2,1,0,0,2
653,1.0,0.4227555825611423,0.12044923076923078,2,0,0,0,1
654,0.0,0.2708491569193377,0.10384615384615385,2,0,0,0,1
655,0.0,0.3619930123044205,0.2,1,1,2,0,2
656,0.0,0.4227555825611423,0.12147384615384617,2,1,0,0,2
657,0.0,0.4835181528178642,0.23846153846153847,2,0,1,1,1
658,0.0,0.34680236974024004,0.2,1,1,0,0,2
659,0.0,0.8784748594865563,0.2,0,1,0,2,0
660,1.0,0.7569497189731126,0.2,0,1,2,0,2
661,0.0,0.6050432933313079,0.11115384615384616,2,1,0,0,0
662,0.0,0.7113777912805712,0.39365384615384613,0,1,0,0,2
663,0.0,0.5442807230745861,0.11532,2,1,0,0,2
664,1.0,0.3012304420476986,0.12192307692307693,2,1,1,0,2
665,0.0,0.4835181528178642,0.2,1,1,2,0,2
666,0.0,0.37718365486860095,0.2,1,1,0,0,2
667,0.0,0.4227555825611423,0.11961538461538462,2,1,0,0,2
668,0.0,0.6506152210238493,0.12384615384615387,2,1,0,0,2
669,1.0,0.4227555825611423,0.8,0,0,1,0,2
670,1.0,0.6050432933313079,0.6000000000000001,1,0,1,1,2
671,0.0,0.46832751025368374,0.8,0,1,1,0,2
672,0.0,0.4227555825611423,0.16153846153846155,1,1,0,0,2
673,1.0,0.46832751025368374,0.2,1,1,0,0,2
674,0.0,0.4227555825611423,0.0,1,1,0,0,2
675,0.0,0.2708491569193377,0.11961538461538462,2,1,0,0,2
676,0.0,0.3695883335865107,0.12384615384615387,2,1,0,0,2
677,1.0,0.2708491569193377,0.15141076923076924,2,0,0,0,2
678,0.0,0.6506152210238493,0.7215384615384616,2,0,1,6,2
679,1.0,0.5442807230745861,0.2,0,1,0,1,0
680,0.0,0.4227555825611423,0.12519230769230769,2,0,0,0,1
681,1.0,0.40756493999696186,0.2,0,1,0,0,0
682,0.0,0.3012304420476986,0.14192307692307693,2,1,0,0,2
683,0.0,0.21008658666261582,0.7215384615384616,2,1,5,2,2
684,0.0,0.9088561446149173,0.6000000000000001,1,1,1,1,2
685,0.0,0.37718365486860095,0.63968,1,1,1,2,0
686,0.0,0.21008658666261582,0.6105769230769231,2,1,4,1,2
687,0.0,0.28603979948351815,0.15647384615384616,2,1,0,0,2
688,0.0,0.2708491569193377,0.11993538461538462,2,1,0,0,2
689,1.0,0.2252772292267963,0.2,0,0,0,1,2
690,1.0,0.46832751025368374,0.8769230769230769,0,1,1,0,2
691,1.0,0.05818016102081118,0.20641076923076926,2,0,0,1,0
692,1.0,0.4227555825611423,0.8691661538461539,2,1,0,0,2
693,0.0,0.37718365486860095,0.11115384615384616,2,1,0,0,0
694,0.0,0.9088561446149173,0.4084615384615385,0,1,0,0,2
695,0.0,0.7873310041014735,0.2076923076923077,1,1,0,0,2
696,0.0,0.6658058635880297,0.12384615384615387,2,1,0,0,2
697,1.0,0.4227555825611423,0.11897384615384615,2,0,0,0,1
698,0.0,0.7417590764089321,0.2,0,1,1,1,0
699,0.0,0.6354245784596688,0.11769230769230771,2,1,0,0,2
700,1.0,0.2708491569193377,0.2,0,0,1,0,0
701,1.0,0.5290900805104056,0.40442307692307694,0,1,0,0,2
702,0.0,0.2708491569193377,0.2223723076923077,2,0,0,1,0
703,0.0,0.37718365486860095,0.11910307692307692,2,1,0,0,1
704,0.0,0.3923742974327814,0.12083384615384615,2,1,1,0,2
705,0.0,0.5898526507671275,0.4,1,1,0,0,2
706,1.0,0.6809965061522103,0.2076923076923077,1,0,0,0,2
707,1.0,0.6354245784596688,0.40442307692307694,0,1,0,0,2
708,1.0,0.3316117271760595,0.2,0,0,0,0,2
709,1.0,0.4227555825611423,0.23455076923076923,2,1,1,1,0
710,1.0,0.3619930123044205,0.7616030769230769,0,0,0,0,0
711,0.0,0.4227555825611423,0.4084615384615385,0,1,0,0,2
712,1.0,0.7265684338447517,0.8,0,1,1,0,2
713,0.0,0.43794622512532283,0.1458969230769231,2,1,0,0,2
714,0.0,0.7873310041014735,0.2,1,1,0,0,2
715,0.0,0.28603979948351815,0.11769230769230771,2,1,0,0,2
716,1.0,0.574662008202947,0.2,0,0,0,0,0
717,1.0,0.40756493999696186,0.16153846153846155,1,0,0,0,2
718,0.0,0.4227555825611423,0.23846153846153847,2,1,0,0,1
719,0.0,0.4987087953820447,0.11961538461538462,2,1,0,0,2
720,1.0,0.08856144614917212,0.5076923076923077,1,0,0,1,2
721,0.0,0.25565851435515724,0.10852615384615386,2,1,1,0,2
722,0.0,0.5138994379462252,0.2,1,1,0,0,2
723,0.0,0.7569497189731126,0.2,1,1,0,0,2
724,1.0,0.40756493999696186,0.816923076923077,0,1,1,0,2
725,0.0,0.3012304420476986,0.13326923076923078,2,1,0,0,2
726,1.0,0.4531368676895033,0.3230769230769231,1,0,3,0,2
727,1.0,0.4227555825611423,0.11903846153846154,2,0,0,0,1
728,0.0,0.37718365486860095,0.4,1,1,1,0,2
729,0.0,0.37718365486860095,0.12192307692307693,2,0,1,0,2
730,1.0,0.43794622512532283,0.2,0,0,0,0,2
731,0.0,0.16451465897007442,0.2890384615384616,2,1,0,0,0
732,0.0,0.4227555825611423,0.0,1,1,0,0,2
733,0.0,0.34680236974024004,0.2,1,1,0,0,2
734,0.0,0.34680236974024004,0.2,1,1,0,0,2
735,0.0,0.43035090384323255,0.24769230769230774,2,1,0,0,2
736,0.0,0.7265684338447517,0.5288461538461539,2,0,1,3,2
737,1.0,0.5290900805104056,0.2,0,1,0,0,0
738,0.0,0.4227555825611423,0.12147384615384617,2,1,0,0,2
739,0.0,0.4227555825611423,0.12147384615384617,2,1,0,0,2
740,1.0,0.4227555825611423,0.46153846153846156,0,1,0,0,2
741,0.0,0.5442807230745861,0.2,0,1,1,0,2
742,1.0,0.31642108461187907,0.2,0,0,2,2,0
743,0.0,0.3619930123044205,0.24769230769230774,2,1,1,0,2
744,1.0,0.46832751025368374,0.12192307692307693,2,1,0,0,2
745,0.0,0.4227555825611423,0.2,0,1,1,1,2
746,0.0,0.24046787179097676,0.31153846153846154,2,1,1,1,2
747,1.0,0.4531368676895033,0.2,1,0,0,0,2
748,0.0,0.28603979948351815,0.816923076923077,0,1,1,0,2
749,0.0,0.46832751025368374,0.11923076923076924,2,1,0,0,1
750,1.0,0.05818016102081118,0.35384615384615387,1,0,1,1,2
751,1.0,0.08856144614917212,0.19192307692307692,2,1,0,1,2
752,0.0,0.4987087953820447,0.14615384615384616,2,1,0,0,2
753,0.0,0.34680236974024004,0.12147384615384617,2,1,0,0,2
754,1.0,0.7265684338447517,1.0,1,0,1,2,2
755,1.0,0.0075953212820902335,0.2230769230769231,1,1,1,1,2
756,0.0,0.4227555825611423,0.11993538461538462,2,1,0,0,2
757,0.0,0.2708491569193377,0.17692307692307693,1,1,0,0,2
758,0.0,0.5138994379462252,0.12384615384615387,2,1,0,0,2
759,1.0,0.4987087953820447,0.2,0,0,0,0,2
760,0.0,0.4227555825611423,0.2230769230769231,2,1,0,0,2
761,0.0,0.6202339358954884,0.10961538461538461,2,1,0,0,2
762,1.0,0.3012304420476986,0.11121846153846154,2,1,0,0,0
763,1.0,0.5442807230745861,0.2,0,0,1,2,2
764,0.0,0.24046787179097676,0.11961538461538462,2,1,0,0,2
765,1.0,0.772140361537293,0.2,0,0,1,0,2
766,0.0,0.4227555825611423,0.6092307692307692,0,1,0,0,0
767,0.0,0.4607321889715935,0.11923076923076924,2,0,0,0,1
768,0.0,0.4227555825611423,0.37153846153846154,2,1,1,0,1
769,0.0,0.4835181528178642,0.12865384615384617,2,1,0,0,2
770,0.0,0.3619930123044205,0.14615384615384616,2,1,0,0,2
771,0.0,0.7265684338447517,0.12083384615384615,2,1,0,0,2
772,0.0,0.8632842169223758,0.16153846153846155,1,0,0,0,2
773,0.0,0.4227555825611423,0.11115384615384616,2,1,0,0,0
774,1.0,0.8177122892298344,0.35384615384615387,1,0,1,3,2
775,0.0,0.2708491569193377,0.11923076923076924,2,1,0,0,2
776,0.0,0.4227555825611423,0.11923076923076924,2,1,0,0,1
777,1.0,0.07337080358499165,0.19192307692307692,2,0,0,0,2
778,0.0,0.4227555825611423,0.11903846153846154,2,1,0,0,1
779,1.0,0.6506152210238493,0.2,0,0,0,1,2
780,1.0,0.19489594409843536,0.11121846153846154,2,0,0,0,0
781,1.0,0.25565851435515724,0.8769230769230769,0,0,1,0,2
782,0.0,0.43794622512532283,0.46153846153846156,0,1,0,0,2
783,0.0,0.4227555825611423,0.3607692307692308,2,1,1,2,2
784,0.0,0.37718365486860095,0.10846153846153847,2,1,0,0,2
785,0.0,0.37718365486860095,0.11153846153846154,2,1,0,0,2
786,1.0,0.2708491569193377,0.11532,2,0,0,0,2
787,0.0,0.11894273127753305,0.4480769230769231,2,1,4,1,1
788,1.0,0.012608233328269786,0.31653846153846155,2,1,1,2,2
789,0.0,0.6961871487163908,0.2,0,1,0,0,0
790,0.0,0.4227555825611423,0.11923076923076924,2,1,0,0,1
791,0.0,0.24046787179097676,0.4,1,1,0,0,2
792,0.0,0.4227555825611423,0.2,2,0,6,2,2
793,0.0,0.4227555825611423,0.47224307692307693,0,1,0,0,0
794,0.0,0.37718365486860095,0.12147384615384617,2,1,0,0,2
795,0.0,0.5898526507671275,0.2,1,1,0,0,2
796,1.0,0.7417590764089321,0.3989107692307693,0,0,0,0,2
797,1.0,0.46832751025368374,0.13358923076923077,2,0,0,0,2
798,0.0,0.4531368676895033,0.11121846153846154,2,1,0,0,0
799,0.0,0.4531368676895033,0.37153846153846154,2,0,1,1,2
800,0.0,0.5138994379462252,0.2,1,1,0,0,2
801,1.0,0.46832751025368374,0.40384615384615385,1,0,1,1,2
802,1.0,0.16451465897007442,0.2,0,1,1,2,2
803,1.0,0.0037976606410451154,0.13102615384615385,2,1,0,1,0
804,1.0,0.40756493999696186,0.10730769230769231,2,1,0,0,2
805,0.0,0.46832751025368374,0.11961538461538462,2,1,0,0,2
806,0.0,0.5898526507671275,0.0,0,1,0,0,2
807,0.0,0.2708491569193377,0.11961538461538462,2,0,0,0,2
808,0.0,0.5898526507671275,0.2,1,1,0,0,2
809,1.0,0.4987087953820447,0.816923076923077,0,0,1,0,2
810,0.0,0.3923742974327814,0.12134615384615385,2,1,0,0,2
811,0.0,0.5898526507671275,0.37153846153846154,2,1,0,0,2
812,0.0,0.5290900805104056,0.16153846153846155,1,1,0,0,2
813,0.0,0.08856144614917212,0.48115384615384615,2,0,4,2,2
814,0.0,0.4607321889715935,0.12384615384615387,2,1,0,0,2
815,0.0,0.4227555825611423,0.0,0,1,0,0,2
816,0.0,0.34680236974024004,0.12192307692307693,2,0,0,0,2
817,0.0,0.46832751025368374,0.5692953846153846,1,1,1,1,0
818,0.0,0.6506152210238493,0.09923076923076923,2,1,0,0,2
819,0.0,0.14932401640589396,0.42923076923076925,2,1,3,2,2
820,1.0,0.7873310041014735,0.2,0,0,1,1,2
821,1.0,0.40756493999696186,0.13326923076923078,2,1,0,0,2
822,0.0,0.574662008202947,0.0,0,1,0,0,2
823,1.0,0.40756493999696186,0.19192307692307692,2,0,0,1,2
824,0.0,0.02779887589245025,0.6105769230769231,2,1,4,1,2
825,0.0,0.4227555825611423,0.10692307692307693,2,1,0,0,1
826,0.0,0.4227555825611423,0.8691661538461539,2,1,0,0,2
827,1.0,0.012608233328269786,0.5692953846153846,1,1,0,2,0
828,1.0,0.4227555825611423,0.11923076923076924,2,1,0,0,1
830,1.0,0.2252772292267963,0.2223723076923077,2,0,1,0,0
831,1.0,0.010025824092359107,0.2884615384615385,1,1,1,1,2
832,0.0,0.4227555825611423,0.11121846153846154,2,1,0,0,0
833,0.0,0.34680236974024004,0.12083384615384615,2,1,0,0,2
834,0.0,0.2708491569193377,0.12769230769230772,2,1,0,0,2
835,1.0,0.5898526507671275,0.2,0,0,1,1,0
836,0.0,0.31642108461187907,0.13326923076923078,2,1,0,0,2
837,0.0,0.4227555825611423,0.12384615384615387,2,1,0,0,2
838,1.0,0.4835181528178642,0.8691661538461539,2,1,0,0,2
839,1.0,0.4227555825611423,0.45692307692307693,0,1,0,0,0
840,0.0,0.3012304420476986,0.12192307692307693,2,1,0,0,2
841,0.0,0.24046787179097676,0.16153846153846155,1,1,0,0,2
842,1.0,0.4531368676895033,0.47692307692307695,0,0,0,0,0
843,0.0,0.5214947592283153,0.09903846153846155,2,1,0,0,0
844,0.0,0.25565851435515724,0.13326923076923078,2,1,0,0,2
845,0.0,0.6354245784596688,0.11615384615384616,2,1,0,0,2
846,0.0,0.4227555825611423,0.2,2,1,6,2,2
847,0.0,0.5290900805104056,0.12147384615384617,2,1,0,0,0
848,0.0,0.4227555825611423,0.5076923076923077,1,1,0,1,2
849,1.0,0.4227555825611423,0.2,0,0,1,0,0
850,0.0,0.05818016102081118,0.48115384615384615,2,1,4,2,2
851,0.0,0.4227555825611423,0.11961538461538462,2,1,0,0,2
852,0.0,0.1341333738417135,0.23455076923076923,2,0,1,1,0
853,1.0,0.24046787179097676,0.6061538461538462,0,0,0,1,2
854,0.0,0.6658058635880297,0.4,1,0,1,0,2
855,1.0,0.2708491569193377,0.14384615384615385,2,0,0,1,2
856,1.0,0.6809965061522103,0.2,0,0,1,1,2
857,1.0,0.772140361537293,0.4084615384615385,0,1,0,0,2
858,1.0,0.3619930123044205,0.29628153846153843,2,0,0,3,0
859,0.0,0.4227555825611423,0.11121846153846154,2,1,0,0,0
860,0.0,0.6202339358954884,0.21705076923076924,2,1,2,0,2
861,0.0,0.31642108461187907,0.17692307692307693,1,1,1,0,2
862,1.0,0.7265684338447517,0.3989107692307693,0,0,0,0,2
863,0.0,0.4227555825611423,0.2,2,0,6,2,2
864,0.0,0.3619930123044205,0.2,1,1,0,0,2
865,1.0,0.6354245784596688,0.2,1,0,0,0,2
866,1.0,0.40756493999696186,0.21320461538461538,1,0,1,0,0
867,0.0,0.46832751025368374,0.7768584615384616,0,1,0,0,2
868,0.0,0.4227555825611423,0.14615384615384616,2,1,0,0,2
869,1.0,0.05818016102081118,0.17128153846153849,2,1,1,1,2
870,0.0,0.3923742974327814,0.12147384615384617,2,1,0,0,2
871,1.0,0.7113777912805712,0.8085261538461539,0,0,1,1,2
872,0.0,0.4987087953820447,0.07692307692307693,0,1,0,0,2
873,0.0,0.7113777912805712,0.13846153846153847,2,1,0,0,2
874,1.0,0.4227555825611423,0.36923076923076925,1,0,1,0,0
875,1.0,0.2252772292267963,0.11115384615384616,2,0,0,0,0
876,0.0,0.3012304420476986,0.15147384615384618,2,1,0,0,2
877,0.0,0.28603979948351815,0.12147384615384617,2,1,0,0,2
878,0.0,0.4227555825611423,0.12147384615384617,2,1,0,0,2
879,1.0,0.8480935743581953,0.2,0,0,0,1,0
880,1.0,0.37718365486860095,0.4,1,0,0,1,2
881,0.0,0.4987087953820447,0.12147384615384617,2,1,0,0,2
882,0.0,0.3316117271760595,0.16179538461538462,2,0,0,0,2
883,0.0,0.4227555825611423,0.16153846153846155,1,1,0,0,2
884,0.0,0.37718365486860095,0.10846153846153847,2,1,0,0,2
885,0.0,0.5898526507671275,0.4480769230769231,2,0,0,5,1
886,0.0,0.40756493999696186,0.2,1,1,0,0,2
887,1.0,0.28603979948351815,0.46153846153846156,0,0,0,0,2
888,0.0,0.4227555825611423,0.3607692307692308,2,0,1,2,2
889,1.0,0.3923742974327814,0.46153846153846156,0,1,0,0,0
890,0.0,0.4835181528178642,0.11923076923076924,2,1,0,0,1
891,,0.5214947592283153,0.12044923076923078,2,1,0,0,1
892,,0.7113777912805712,0.1076923076923077,2,0,1,0,2
893,,0.9392374297432782,0.14903846153846154,1,1,0,0,1
894,,0.40756493999696186,0.13326923076923078,2,1,0,0,2
895,,0.3316117271760595,0.18903846153846154,2,0,1,1,2
896,,0.21008658666261582,0.14192307692307693,2,1,0,0,2
897,,0.4531368676895033,0.11737230769230769,2,0,0,0,1
898,,0.3923742974327814,0.4461538461538462,1,1,1,1,2
899,,0.2708491569193377,0.11121846153846154,2,0,0,0,0
900,,0.31642108461187907,0.37153846153846154,2,1,2,0,2
901,,0.4227555825611423,0.12147384615384617,2,1,0,0,2
902,,0.6961871487163908,0.4,0,1,0,0,2
903,,0.34680236974024004,0.2,0,0,1,0,2
904,,0.9544280723074586,0.4,1,1,1,0,2
905,,0.7113777912805712,0.9411538461538461,0,0,1,0,2
906,,0.3619930123044205,0.4264738461538462,1,0,1,0,0
907,,0.5290900805104056,0.19,1,1,0,0,1
908,,0.31642108461187907,0.11115384615384616,2,1,0,0,0
909,,0.40756493999696186,0.12192307692307693,2,0,1,0,2
910,,0.6809965061522103,0.11115384615384616,2,0,0,0,0
911,,0.8329029317940149,0.9138461538461539,0,1,1,0,0
912,,0.1341333738417135,0.04878153846153846,2,1,0,1,2
913,,0.4227555825611423,0.4874353846153846,0,0,0,0,2
914,,0.31642108461187907,0.9442953846153846,0,1,0,1,0
915,,0.7265684338447517,0.2,0,0,1,3,0
916,,0.7569497189731126,0.2230769230769231,2,1,1,0,2
917,,0.3316117271760595,0.9535261538461539,0,0,0,1,0
918,,0.3392070484581498,0.11115384615384616,2,1,0,0,0
919,,0.6202339358954884,0.46923076923076923,0,1,0,0,2
920,,0.4227555825611423,0.3335261538461539,2,1,2,0,0
921,,0.7569497189731126,0.4,1,1,1,0,2
922,,0.3619930123044205,0.48461538461538467,1,1,2,0,2
923,,0.4987087953820447,0.31653846153846155,2,0,1,2,2
924,,0.4227555825611423,0.3607692307692308,2,0,1,2,2
925,,0.4531368676895033,0.8884615384615385,0,1,1,0,0
926,,0.2784444782014279,0.11121846153846154,2,1,0,0,0
927,,0.4227555825611423,0.12384615384615387,2,0,0,0,2
928,,0.31642108461187907,0.13326923076923078,2,0,0,0,2
929,,0.37718365486860095,0.14615384615384616,2,1,0,0,2
930,,0.4227555825611423,0.8691661538461539,2,1,0,0,2
931,,0.5898526507671275,0.20641076923076926,2,1,0,1,0
932,,0.4227555825611423,0.4084615384615385,0,1,0,0,2
933,,0.6202339358954884,0.12076923076923077,2,1,0,0,2
934,,0.4531368676895033,0.2,1,0,0,0,2
935,,0.6809965061522103,0.8085261538461539,0,0,1,0,2
936,,0.37718365486860095,0.12192307692307693,2,1,0,0,2
937,,0.6809965061522103,0.45692307692307693,0,1,0,0,0
938,,0.4227555825611423,0.11923076923076924,2,1,0,0,1
939,,0.9088561446149173,0.2,0,0,0,0,0
940,,0.5442807230745861,0.24461538461538462,2,0,0,2,2
941,,0.3619930123044205,0.9230769230769231,0,1,1,0,2
942,,0.40756493999696186,0.23128153846153848,1,1,0,0,0
943,,0.3012304420476986,0.35384615384615387,1,0,2,1,2
944,,0.4227555825611423,0.2,0,0,3,2,2
945,,0.4227555825611423,0.23968,1,1,0,0,0
946,,0.14932401640589396,0.4480769230769231,2,1,4,1,1
947,,0.5290900805104056,0.12147384615384617,2,1,0,0,2
948,,0.37718365486860095,0.11769230769230771,2,1,0,0,2
949,,0.4227555825611423,0.24769230769230774,2,1,1,0,2
950,,0.5442807230745861,0.2,0,0,0,0,0
951,,0.25565851435515724,0.12147384615384617,2,1,0,0,2
952,,0.4835181528178642,0.2076923076923077,1,1,0,0,2
953,,0.2708491569193377,0.11923076923076924,2,1,0,0,2
954,,0.3316117271760595,0.11884615384615385,2,0,0,0,1
955,,0.19489594409843536,0.2,0,1,2,2,0
956,,0.4227555825611423,0.3230769230769231,1,0,0,0,2
957,,0.2708491569193377,0.12121846153846154,2,0,0,0,1
958,,0.7113777912805712,0.6523076923076924,0,1,0,0,2
959,,0.46832751025368374,0.4390384615384616,0,1,0,0,0
960,,0.9088561446149173,0.2,0,0,1,4,2
961,,0.3619930123044205,0.11923076923076924,2,0,0,0,1
962,,0.31642108461187907,0.12147384615384617,2,1,0,0,2
963,,0.43794622512532283,0.12192307692307693,2,0,0,0,2
964,,0.43035090384323255,0.4264738461538462,0,1,0,0,0
965,,0.5290900805104056,0.2,0,0,0,0,0
966,,0.49111347409995443,0.2,0,1,0,0,0
967,,0.4227555825611423,0.12384615384615387,2,1,0,0,2
968,,0.8329029317940149,0.3953846153846154,0,0,2,0,2
969,,0.4531368676895033,0.2,1,1,0,0,2
970,,0.3619930123044205,0.11923076923076924,2,0,0,0,1
971,,0.08856144614917212,0.23455076923076923,2,1,1,1,0
972,,0.4227555825611423,0.2,0,1,1,0,2
973,,0.7417590764089321,0.4,0,1,0,0,2
974,,0.4227555825611423,0.12147384615384617,2,1,0,0,2
975,,0.4227555825611423,0.16474307692307694,1,1,0,0,1
976,,0.4227555825611423,0.2223723076923077,2,1,1,0,0
977,,0.40756493999696186,0.12121846153846154,2,0,0,0,1
978,,0.2708491569193377,0.12384615384615387,2,0,0,0,2
979,,0.4227555825611423,0.11923076923076924,2,0,0,0,1
980,,0.02779887589245025,0.35384615384615387,1,1,1,1,2
981,,0.3316117271760595,0.21384615384615385,2,0,1,0,2
982,,0.4227555825611423,0.11961538461538462,2,1,0,0,2
983,,0.40756493999696186,0.8,0,0,1,2,2
984,,0.4227555825611423,0.12384615384615387,2,1,0,0,2
985,,0.37718365486860095,0.4,0,1,0,0,0
986,,0.37718365486860095,0.11993538461538462,2,1,0,0,2
987,,0.4227555825611423,0.2,0,0,1,0,2
988,,0.43794622512532283,0.12192307692307693,2,1,0,0,2
989,,0.3012304420476986,0.12083384615384615,2,0,0,0,2
990,,0.4987087953820447,0.12384615384615387,2,1,0,0,2
991,,0.6506152210238493,0.8529492307692308,0,0,1,0,0
992,,0.40756493999696186,0.4,1,1,1,0,2
993,,0.4227555825611423,0.11923076923076924,2,1,0,0,1
994,,0.3923742974327814,0.11961538461538462,2,1,0,0,2
995,,0.24046787179097676,0.13102615384615385,2,0,1,1,0
996,,0.4227555825611423,0.3465384615384615,2,1,0,0,2
997,,0.31642108461187907,0.12032000000000001,2,1,0,0,1
998,,0.4227555825611423,0.11923076923076924,2,1,0,0,1
999,,0.4227555825611423,0.13403846153846155,2,1,0,0,2
1000,,0.2784444782014279,0.2,1,1,0,0,2
1001,,0.6202339358954884,0.23147384615384617,1,1,0,0,0
1002,,0.4227555825611423,0.11968000000000001,2,0,0,0,1
1003,,0.5442807230745861,0.48737230769230777,0,0,0,0,0
1004,,0.2784444782014279,0.11205076923076923,2,0,0,0,1
1005,,0.9544280723074586,0.2,0,0,1,0,2
1006,,0.2708491569193377,0.2223723076923077,2,1,1,0,0
1007,,0.4227555825611423,0.09903846153846155,2,1,0,0,0
1008,,0.012608233328269786,0.2569230769230769,2,0,1,1,2
1009,,0.5442807230745861,0.2,0,1,0,0,0
1010,,0.43794622512532283,0.4,1,0,1,0,2
1011,,0.1797053015342549,0.24230769230769234,1,0,0,0,2
1012,,0.4227555825611423,0.11923076923076924,2,1,1,0,1
1013,,0.5290900805104056,0.8884615384615385,0,0,1,0,0
1014,,0.4227555825611423,0.11153846153846154,2,1,0,0,2
1015,,0.4227555825611423,0.11923076923076924,2,1,0,0,1
1016,,0.25565851435515724,0.24769230769230774,2,0,0,1,2
1017,,0.3316117271760595,0.11993538461538462,2,1,0,0,2
1018,,0.4227555825611423,0.3576923076923077,2,0,2,0,1
1019,,0.6354245784596688,0.2,1,1,0,0,2
1020,,0.3619930123044205,0.12384615384615387,2,1,0,0,2
1021,,0.4835181528178642,0.12384615384615387,2,1,0,0,2
1022,,0.802521646665654,0.43846153846153846,0,1,0,0,0
1023,,0.4227555825611423,0.3917953846153846,2,0,0,4,2
1024,,0.4227555825611423,0.09903846153846155,2,1,1,0,0
1025,,0.6506152210238493,0.12147384615384617,2,1,0,0,2
1026,,0.3619930123044205,0.12083384615384615,2,1,0,0,2
1027,,0.39996961871487163,0.11115384615384616,2,1,0,0,0
1028,,0.3923742974327814,0.2,1,1,0,0,2
1029,,0.34680236974024004,0.12384615384615387,2,0,0,0,2
1030,,0.6050432933313079,0.7215384615384616,2,1,1,6,2
1031,,0.14932401640589396,0.7215384615384616,2,0,5,2,2
1032,,0.4987087953820447,0.2,0,0,0,0,2
1033,,0.9240467871790977,0.2,0,1,1,3,0
1034,,0.4227555825611423,0.4,1,1,0,0,2
1035,,0.6354245784596688,0.4084615384615385,0,1,0,0,2
1036,,0.46832751025368374,0.27692307692307694,2,1,3,0,2
1037,,0.4227555825611423,0.7978846153846154,0,1,0,0,2
1038,,0.3316117271760595,0.12384615384615387,2,1,0,0,2
1039,,0.4227555825611423,0.4084615384615385,0,1,0,0,2
1040,,0.4531368676895033,0.4,1,1,1,1,2
1041,,0.34680236974024004,0.2,0,0,0,1,0
1042,,0.4227555825611423,0.12147384615384617,2,1,0,0,0
1044,,0.5442807230745861,0.18743538461538461,2,0,0,2,2
1045,,0.19489594409843536,0.4828846153846154,2,1,4,2,2
1046,,0.3619930123044205,0.11615384615384616,2,1,0,0,2
1047,,0.43794622512532283,0.2,0,0,0,0,2
1048,,0.34680236974024004,0.12083384615384615,2,0,0,0,2
1049,,0.6354245784596688,0.4084615384615385,0,1,0,0,2
1050,,0.3923742974327814,0.21192307692307694,2,0,0,2,2
1051,,0.4227555825611423,0.11897384615384615,2,0,0,0,1
1052,,0.10375208871335258,0.23455076923076923,2,1,1,1,0
1053,,0.3923742974327814,0.2076923076923077,1,0,0,0,2
1054,,0.4227555825611423,0.1076923076923077,2,1,0,0,2
1055,,0.6202339358954884,0.2,1,1,0,0,2
1056,,0.3923742974327814,0.33884615384615385,2,0,1,1,2
1057,,0.7265684338447517,0.7768584615384616,0,1,0,0,0
1058,,0.2708491569193377,0.5288461538461539,2,1,2,2,2
1059,,0.4227555825611423,0.4264738461538462,0,0,0,0,0
1060,,0.3316117271760595,0.1378846153846154,2,0,0,0,2
1061,,0.4227555825611423,0.11615384615384616,2,1,0,0,2
1062,,0.40756493999696186,0.11115384615384616,2,1,0,0,0
1063,,0.34680236974024004,0.21384615384615385,2,1,1,0,2
1064,,0.4227555825611423,0.11121846153846154,2,1,0,0,0
1065,,0.6050432933313079,0.4828846153846154,2,1,1,5,2
1066,,0.2252772292267963,0.6000000000000001,1,0,0,2,2
1067,,0.3012304420476986,0.5653846153846154,1,0,0,0,2
1068,,0.8177122892298344,0.8529492307692308,0,1,1,0,0
1069,,0.5442807230745861,0.6000000000000001,1,0,0,3,2
1070,,0.9696187148716391,0.2,0,0,0,2,0
1071,,0.4531368676895033,0.2,1,1,0,0,2
1072,,0.5594713656387665,0.2,0,1,1,1,0
1073,,0.2708491569193377,0.816923076923077,0,0,1,0,2
1074,,0.4227555825611423,0.11923076923076924,2,1,0,0,1
1075,,0.40756493999696186,0.2,0,0,1,1,0
1076,,0.6050432933313079,0.24615384615384617,1,1,0,0,2
1077,,0.31642108461187907,0.3230769230769231,1,0,0,1,2
1078,,0.25565851435515724,0.12384615384615387,2,1,2,0,2
1079,,0.4227555825611423,0.2,2,0,6,2,2
1080,,0.6050432933313079,0.2,1,1,0,0,2
1081,,0.5138994379462252,0.4,1,1,1,0,2
1082,,0.4227555825611423,0.4,0,1,0,0,2
1083,,0.17210998025216467,0.2230769230769231,2,1,1,1,2
1084,,0.9240467871790977,0.19,1,1,0,0,1
1085,,0.11894273127753305,0.5,1,1,0,2,2
1086,,0.4987087953820447,0.12083384615384615,2,1,0,0,2
1087,,0.08856144614917212,0.2,0,1,0,2,0
1088,,0.2708491569193377,0.11961538461538462,2,0,0,0,2
1089,,0.34680236974024004,0.16153846153846155,1,1,0,0,2
1090,,0.4227555825611423,0.12480769230769233,2,0,0,0,2
1091,,0.4227555825611423,0.23846153846153847,2,0,0,0,1
1092,,0.0024305028102688743,0.22153846153846155,2,1,0,2,2
1093,,0.7113777912805712,0.2,0,1,1,0,0
1094,,0.11894273127753305,0.4,1,0,1,1,2
1095,,0.37718365486860095,0.16153846153846155,1,1,0,0,2
1096,,0.4227555825611423,0.3960261538461539,0,1,0,0,0
1097,,0.5290900805104056,0.11923076923076924,2,0,0,0,1
1098,,0.3619930123044205,0.16153846153846155,1,1,0,0,2
1099,,0.4987087953820447,0.4264738461538462,0,0,0,0,0
1100,,0.37718365486860095,0.12147384615384617,2,1,0,0,2
1101,,0.4835181528178642,0.3465384615384615,2,1,0,0,2
1102,,0.4227555825611423,0.10846153846153847,2,1,0,0,2
1103,,0.25565851435515724,0.2,1,1,0,0,2
1104,,0.9088561446149173,0.4,1,0,1,0,2
1105,,0.574662008202947,0.11961538461538462,2,0,4,2,2
1106,,0.6354245784596688,0.6538461538461539,0,1,0,0,2
1107,,0.4227555825611423,0.12121846153846154,2,0,0,0,1
1108,,0.8632842169223758,0.2,0,1,1,1,2
1109,,0.7569497189731126,0.2,0,0,1,1,0
1110,,0.4227555825611423,0.12384615384615387,2,1,0,0,2
1111,,0.4531368676895033,0.21320461538461538,1,0,1,0,0
1112,,0.31642108461187907,0.12384615384615387,2,1,0,0,2
1113,,0.3316117271760595,0.16153846153846155,1,0,0,0,2
1114,,0.31642108461187907,0.11993538461538462,2,1,0,0,2
1115,,0.802521646665654,0.42224307692307694,0,0,0,0,0
1116,,0.4227555825611423,0.23455076923076923,2,0,0,2,0
1117,,0.34680236974024004,0.11993538461538462,2,1,0,0,2
1118,,0.4227555825611423,0.11923076923076924,2,0,0,0,1
1119,,0.6126386146133982,0.23230769230769233,2,1,0,0,2
1120,,0.5442807230745861,0.2,1,1,0,0,2
1121,,0.21008658666261582,1.0,1,1,0,0,2
1122,,0.31642108461187907,0.4084615384615385,0,0,0,0,2
1123,,0.31642108461187907,0.09993538461538462,2,1,1,0,2
1124,,0.4227555825611423,0.12121846153846154,2,1,0,0,1
1125,,0.5898526507671275,0.2,0,1,1,0,0
1126,,0.3012304420476986,0.12083384615384615,2,1,0,0,2
1127,,0.9696187148716391,0.2,0,1,1,0,0
1128,,0.3012304420476986,0.11115384615384616,2,1,0,0,0
1129,,0.2708491569193377,0.2,1,0,1,1,2
1130,,0.7265684338447517,0.2,0,0,1,0,0
1131,,0.8329029317940149,0.4264738461538462,0,0,0,0,0
1132,,0.6809965061522103,0.46153846153846156,1,0,0,2,2
1133,,0.6809965061522103,0.2,0,1,1,1,0
1134,,0.4227555825611423,0.12134615384615385,2,1,0,0,2
1135,,0.4227555825611423,0.3607692307692308,2,1,1,2,2
1136,,0.6202339358954884,0.7978846153846154,0,1,1,0,2
1137,,0.3316117271760595,0.3230769230769231,1,0,0,0,2
1138,,0.6354245784596688,0.5,1,1,1,1,2
1139,,0.43794622512532283,0.4,1,0,1,0,2
1140,,0.4227555825611423,0.2223723076923077,2,0,1,0,0
1141,,0.01139298192313535,0.42692307692307696,1,0,1,2,2
1142,,0.3012304420476986,0.12192307692307693,2,1,0,0,2
1143,,0.40756493999696186,0.2,0,1,1,0,0
1144,,0.3619930123044205,0.14346153846153845,2,1,0,0,2
1145,,0.49111347409995443,0.14615384615384616,2,1,0,0,2
1146,,0.4227555825611423,0.11615384615384616,2,1,0,0,2
1147,,0.4227555825611423,0.11923076923076924,2,1,0,0,1
1148,,0.4227555825611423,0.12384615384615387,2,1,0,0,2
1149,,0.28603979948351815,0.2,1,0,0,0,2
1150,,0.31642108461187907,0.11961538461538462,2,1,0,0,2
1151,,0.5518760443566763,0.2676923076923077,2,1,1,0,2
1152,,0.31642108461187907,0.12083384615384615,2,1,0,0,2
1153,,0.43794622512532283,0.35384615384615387,1,0,0,2,2
1154,,0.012608233328269786,0.18743538461538461,2,0,1,1,2
1155,,0.4531368676895033,0.1959615384615385,1,1,0,0,0
1156,,0.4227555825611423,0.12147384615384617,2,1,0,0,2
1157,,0.4227555825611423,0.0,0,1,0,0,2
1158,,0.4227555825611423,0.11615384615384616,2,1,0,0,2
1159,,0.4227555825611423,0.12384615384615387,2,0,0,0,2
1160,,0.25565851435515724,0.13326923076923078,2,1,0,0,2
1161,,0.6961871487163908,0.2,0,1,0,0,0
1162,,0.4227555825611423,0.11923076923076924,2,1,0,0,1
1163,,0.3923742974327814,0.2,0,0,1,0,0
1164,,0.4227555825611423,0.23846153846153847,2,0,1,0,1
1165,,0.4227555825611423,0.11115384615384616,2,1,0,0,0
1166,,0.3012304420476986,0.4,1,0,1,0,2
1167,,0.4227555825611423,0.16153846153846155,1,1,0,0,2
1168,,0.6050432933313079,0.4,1,1,1,0,2
1169,,0.4531368676895033,0.3230769230769231,1,1,1,0,2
1170,,0.3316117271760595,0.16153846153846155,1,1,0,0,2
1171,,0.34680236974024004,0.13326923076923078,2,0,0,0,2
1172,,0.00881057268722467,0.21192307692307694,2,1,1,1,2
1173,,0.4227555825611423,0.11923076923076924,2,0,0,0,1
1174,,0.1341333738417135,0.23455076923076923,2,0,1,1,0
1175,,0.02779887589245025,0.31096153846153846,2,0,1,1,2
1176,,0.5442807230745861,0.11153846153846154,2,1,0,0,2
1177,,0.4227555825611423,0.11153846153846154,2,1,0,0,2
1178,,0.3619930123044205,0.2,0,1,1,0,2
1179,,0.4227555825611423,0.11121846153846154,2,1,0,0,0
1180,,0.4227555825611423,0.12384615384615387,2,1,0,0,2
1181,,0.4227555825611423,0.6092307692307692,0,1,0,0,2
1182,,0.4531368676895033,0.10692307692307693,2,0,0,0,1
1183,,0.4227555825611423,0.11121846153846154,2,1,0,0,0
1184,,0.802521646665654,0.2,0,1,1,1,2
1185,,0.5442807230745861,0.14615384615384616,2,1,0,0,2
1186,,0.3923742974327814,0.12147384615384617,2,1,0,0,2
1187,,0.012608233328269786,0.63968,1,0,1,2,0
1188,,0.4227555825611423,0.3335261538461539,2,1,2,0,0
1189,,0.4531368676895033,0.7000000000000001,0,1,0,0,2
1190,,0.43794622512532283,0.12083384615384615,2,1,0,0,2
1191,,0.4835181528178642,0.11961538461538462,2,1,0,0,2
1192,,0.4227555825611423,0.23147384615384617,1,1,0,0,0
1193,,0.6506152210238493,0.3230769230769231,1,1,0,1,2
1194,,0.3619930123044205,0.13326923076923078,2,1,0,0,2
1195,,0.4227555825611423,0.11923076923076924,2,0,0,0,1
1196,,0.9696187148716391,0.4084615384615385,0,0,1,1,2
1197,,0.4531368676895033,0.2,0,1,1,2,2
1198,,0.010025824092359107,0.14384615384615385,2,1,0,1,2
1199,,0.8329029317940149,0.2,0,1,1,1,2
1200,,0.6809965061522103,0.21705076923076924,2,0,1,0,2
1201,,0.2708491569193377,0.13326923076923078,2,1,0,0,2
1202,,0.3316117271760595,0.11115384615384616,2,1,0,0,0
1203,,0.4227555825611423,0.11653846153846155,2,1,0,0,2
1204,,0.5594713656387665,0.11923076923076924,2,0,0,0,1
1205,,0.8329029317940149,0.2,0,0,0,0,0
1206,,0.25565851435515724,0.11897384615384615,2,0,0,0,1
1207,,0.8632842169223758,0.2,0,1,1,0,0
1208,,0.28603979948351815,0.16153846153846155,1,1,0,0,2
1209,,0.40756493999696186,0.12083384615384615,2,1,0,0,2
1210,,0.3316117271760595,0.48461538461538467,1,1,2,0,2
1211,,0.3923742974327814,0.11961538461538462,2,1,0,0,2
1212,,0.37718365486860095,0.11121846153846154,2,1,0,0,0
1213,,0.3923742974327814,0.2,1,1,0,0,2
1214,,0.4987087953820447,0.4084615384615385,0,1,0,0,2
1215,,0.5898526507671275,0.2,0,0,0,0,2
1216,,0.34680236974024004,0.10846153846153847,2,1,0,0,2
1217,,0.1797053015342549,0.6000000000000001,1,0,2,1,2
1218,,0.6961871487163908,0.2,0,1,0,0,0
1219,,0.43794622512532283,0.4,1,1,1,0,2
1220,,0.31642108461187907,0.2,1,1,0,0,2
1221,,0.7265684338447517,0.5653846153846154,1,0,0,2,2
1222,,0.5898526507671275,0.45692307692307693,0,1,0,0,0
1223,,0.4227555825611423,0.11115384615384616,2,1,0,0,0
1224,,0.28603979948351815,0.24218,2,0,1,1,0
1225,,0.40756493999696186,0.12147384615384617,2,1,0,0,2
1226,,0.4531368676895033,0.4,0,1,0,0,2
1227,,0.4835181528178642,0.2,1,1,0,0,2
1228,,0.5898526507671275,0.11121846153846154,2,1,0,2,0
1229,,0.37718365486860095,0.48461538461538467,1,1,0,0,2
1230,,0.4227555825611423,0.11121846153846154,2,1,0,0,0
1231,,0.2708491569193377,0.16153846153846155,1,1,0,0,2
1232,,0.4835181528178642,0.11660307692307693,2,1,0,0,2
1233,,0.4227555825611423,0.2,2,1,1,7,2
1234,,0.8784748594865563,0.2,0,0,0,1,0
1235,,0.4227555825611423,0.2230769230769231,2,1,1,1,2
1236,,0.24046787179097676,0.11769230769230771,2,0,0,0,2
1237,,0.3923742974327814,0.2,1,1,0,0,2
1238,,0.574662008202947,0.11121846153846154,2,0,0,0,0
1239,,0.3619930123044205,0.2076923076923077,1,1,0,0,2
1240,,0.46832751025368374,0.3230769230769231,1,0,0,0,2
1241,,0.6809965061522103,0.9747430769230769,0,0,0,1,0
1242,,0.37718365486860095,0.16153846153846155,1,1,0,0,2
1243,,0.2708491569193377,0.2,1,1,0,0,2
1244,,0.7417590764089321,1.0,1,1,1,2,2
1245,,0.0,0.31653846153846155,2,0,1,2,2
1246,,0.7569497189731126,0.4,0,1,0,0,2
1247,,0.8936655020507368,0.7919876923076923,0,0,2,0,2
1248,,0.4227555825611423,0.12121846153846154,2,1,0,0,2
1249,,0.4227555825611423,0.11923076923076924,2,1,0,0,1
1250,,0.4531368676895033,0.23923076923076925,2,0,1,0,2
1251,,0.21768190794470607,0.2,2,1,6,2,2
1252,,0.3619930123044205,0.5692953846153846,1,0,1,1,0
1253,,0.46832751025368374,0.3230769230769231,1,0,0,0,2
1254,,0.40756493999696186,0.13326923076923078,2,1,0,0,2
1255,,0.37718365486860095,0.8529492307692308,0,0,1,0,0
1256,,0.4227555825611423,0.2,2,0,1,7,2
1257,,0.4227555825611423,0.22243538461538462,2,1,1,0,0
1258,,0.3316117271760595,0.6105769230769231,2,0,0,0,2
1259,,0.6809965061522103,0.9138461538461539,0,0,0,1,0
1260,,0.43794622512532283,0.21320461538461538,1,1,0,0,0
1261,,0.31642108461187907,0.17692307692307693,1,1,1,0,2
1262,,0.46832751025368374,0.2,0,0,0,0,0
1263,,0.7417590764089321,0.0,0,1,0,0,2
1264,,0.6658058635880297,0.2,1,1,0,0,2
1265,,0.8177122892298344,0.2,0,0,1,1,2
1266,,0.6809965061522103,0.2,0,0,0,0,0
1267,,0.3316117271760595,0.13326923076923078,2,0,2,0,2
1268,,0.31642108461187907,0.17692307692307693,1,1,0,0,2
1269,,0.8329029317940149,0.7692307692307693,0,1,0,0,2
1270,,0.07337080358499165,0.4828846153846154,2,1,4,2,2
1271,,0.4227555825611423,0.11923076923076924,2,1,0,0,1
1272,,0.3923742974327814,0.12121846153846154,2,1,0,0,1
1273,,0.4227555825611423,0.2230769230769231,2,0,0,0,2
1274,,0.28603979948351815,0.24769230769230774,2,0,1,0,2
1275,,0.4227555825611423,0.1980769230769231,1,1,0,0,2
1276,,0.3619930123044205,1.0,1,0,1,2,2
1277,,0.3619930123044205,0.11961538461538462,2,1,0,0,2
1278,,0.8632842169223758,0.2,1,1,0,0,2
1279,,0.31642108461187907,0.11923076923076924,2,1,0,0,1
1280,,0.08856144614917212,0.3242307692307692,2,1,3,1,2
1281,,0.34680236974024004,0.2,0,1,0,0,2
1282,,0.772140361537293,0.6061538461538462,0,0,0,1,2
1283,,0.19489594409843536,0.31153846153846154,2,1,0,2,2
1284,,0.7113777912805712,0.16153846153846155,1,1,0,0,2
1285,,0.43794622512532283,0.33884615384615385,2,1,3,1,2
1286,,0.2708491569193377,0.9230769230769231,0,0,1,0,2
1287,,0.3619930123044205,0.11153846153846154,2,1,0,0,1
1288,,0.7265684338447517,0.2,0,0,1,1,0
1289,,0.3316117271760595,0.11961538461538462,2,1,0,0,2
1290,,0.46832751025368374,0.11897384615384615,2,1,0,0,1
1291,,0.4531368676895033,0.2,0,0,0,0,2
1292,,0.574662008202947,0.3230769230769231,1,1,1,0,2
1293,,0.3316117271760595,0.9138461538461539,0,0,0,1,0
1294,,0.25565851435515724,0.7246153846153847,0,1,0,0,2
1295,,0.6506152210238493,0.4264738461538462,0,1,1,0,0
1296,,0.3012304420476986,0.2132692307692308,1,1,0,0,0
1297,,0.34680236974024004,0.16153846153846155,1,1,1,0,2
1298,,0.7569497189731126,0.2,0,1,1,1,0
1299,,0.4227555825611423,0.11878153846153847,2,0,0,0,1
1300,,0.04298951845663072,0.21192307692307694,2,0,1,1,2
1301,,0.4227555825611423,0.11923076923076924,2,0,0,0,1
1302,,0.5594713656387665,0.2,0,0,1,0,1
1303,,0.4227555825611423,0.11961538461538462,2,0,0,0,2
1304,,0.4227555825611423,0.12384615384615387,2,1,0,0,2
1305,,0.5898526507671275,0.2,0,0,0,0,0
1306,,0.5822573294850373,0.11153846153846154,2,1,0,0,2
1307,,0.4227555825611423,0.12384615384615387,2,1,0,0,2
1308,,0.4227555825611423,0.3439738461538462,2,1,1,1,0
